{"cameraMode":{"drawMode":0,"name":"Shaded","section":"Shading Mode"},"sceneLighting":false,"audioPlay":false,"sceneViewState":{"m_AlwaysRefresh":false,"showFog":true,"showSkybox":false,"showFlares":true,"showImageEffects":true,"showParticleSystems":true,"showVisualEffectGraphs":true,"m_FxEnabled":true},"in2DMode":false,"pivot":{"x":0.26661205291748049,"y":-0.13685935735702516,"z":0.5577162504196167},"rotation":{"x":-0.24324257671833039,"y":0.681450366973877,"z":-0.25907832384109499,"w":-0.6397985816001892},"size":1.3932758569717408,"orthographic":false}