{"cameraMode":{"drawMode":0,"name":"Shaded","section":"Shading Mode"},"sceneLighting":true,"audioPlay":false,"sceneViewState":{"m_AlwaysRefresh":false,"showFog":true,"showSkybox":true,"showFlares":true,"showImageEffects":true,"showParticleSystems":true,"showVisualEffectGraphs":true,"m_FxEnabled":true},"in2DMode":false,"pivot":{"x":-7.682056903839111,"y":7.910737991333008,"z":0.09477996826171875},"rotation":{"x":-0.008999746292829514,"y":0.004500788636505604,"z":0.00004167217048234306,"w":0.9999536275863648},"size":33.37060546875,"orthographic":false}