{"cameraMode":{"drawMode":0,"name":"Shaded","section":"Shading Mode"},"sceneLighting":true,"audioPlay":false,"sceneViewState":{"m_AlwaysRefresh":false,"showFog":true,"showSkybox":true,"showFlares":true,"showImageEffects":true,"showParticleSystems":true,"showVisualEffectGraphs":true,"m_FxEnabled":true},"in2DMode":false,"pivot":{"x":10.813844680786133,"y":11.11664867401123,"z":3.098794937133789},"rotation":{"x":0.043486449867486957,"y":0.0029983464628458025,"z":-0.00012862928269896656,"w":0.9990550875663757},"size":20.097570419311525,"orthographic":false}