{"cameraMode":{"drawMode":0,"name":"Shaded","section":"Shading Mode"},"sceneLighting":true,"audioPlay":false,"sceneViewState":{"m_AlwaysRefresh":false,"showFog":true,"showSkybox":true,"showFlares":true,"showImageEffects":true,"showParticleSystems":true,"showVisualEffectGraphs":true,"m_FxEnabled":true},"in2DMode":false,"pivot":{"x":0.9199820756912231,"y":1.7406604290008546,"z":0.6359574794769287},"rotation":{"x":0.028452493250370027,"y":0.05544983223080635,"z":-0.001579674193635583,"w":0.9980578422546387},"size":4.080880165100098,"orthographic":false}